"Employment income statistics by major field of study (detailed, 4-digit) and highest level of education: Canada, provinces and territories",,,,,,,
Frequency: Occasional,,,,,,,
Table: 98-10-0409-01,,,,,,,
Release date: 2023-10-04,,,,,,,
"Geography: Canada, Province or territory",,,,,,,
"Universe: Population aged 15 years and over in private households, 2021 Census — 25% Sample data",,,,,,,
"Variable List: Major field of study - Classification of Instructional Programs (CIP) 2021 (500), Gender (3), Age (15A), Highest certificate, diploma or degree (16), Work activity during the reference year (5), Income year (2), Employment income statistics (7)",,,,,,,
,,,,,,,
Geography,Canada i1,,,,,,
Gender (3) 1 2,Total - Gender,,,,,,
Age (15A) 3,Total - Age,,,,,,
"Highest certificate, diploma or degree (16) 4","Total - Highest certificate, diploma or degree 6",,,,,,
Work activity during the reference year (5) 5,Total - Work activity during the reference year 7,,,,,,
Income year (2),2020,,,,,,
Employment income statistics (7),Total - Employment income statistics 9 10 11 12,With employment income,Median employment income ($),Average employment income ($),"With wages, salaries and commissions","Median wages, salaries and commissions ($)","Average wages, salaries and commissions ($)"
Major field of study - Classification of Instructional Programs (CIP) 2021 (500) 8,,,,,,,
Total - Major field of study - Classification of Instructional Programs (CIP) 2021 13,"30,335,920","21,127,690","37,200","50,280","19,392,230","40,000","51,950"
"No postsecondary certificate, diploma or degree","12,996,875","7,621,070","22,200","33,040","6,950,185","24,200","34,320"
Education,"1,113,015","764,830","53,600","55,650","719,005","57,200","57,900"
13. Education,"1,113,015","764,830","53,600","55,650","719,005","57,200","57,900"
"13.01 Education, general","670,515","438,290","59,600","58,200","411,815","63,200","60,650"
"13.02 Bilingual, multilingual and multicultural education",975,760,"57,600","61,500",720,"61,200","63,300"
13.03 Curriculum and instruction,"3,380","2,300","85,000","72,600","2,190","86,000","75,600"
13.04 Educational administration and supervision,"23,370","15,845","91,000","79,500","14,795","93,000","83,200"
13.05 Educational/instructional media design,"3,360","2,615","76,500","72,100","2,455","77,500","74,300"
"13.06 Educational assessment, evaluation and research",840,600,"77,500","75,200",560,"85,000","76,800"
13.07 International and comparative education,280,230,"62,000","60,800",215,"65,000","63,600"
13.09 Social and philosophical foundations of education,675,480,"74,000","70,400",420,"82,000","77,200"
13.10 Special education and teaching,"61,980","48,820","44,400","45,560","46,825","45,600","46,840"
13.11 Student counselling and personnel services,"13,100","9,705","58,400","57,650","9,140","60,000","59,650"
"13.12 Teacher education and professional development, specific levels and methods","117,740","81,985","44,000","48,160","77,130","46,400","50,000"
"13.13 Teacher education and professional development, specific subject areas","167,675","124,940","60,000","58,150","116,415","63,600","60,950"
13.14 Teaching English or French as a second or foreign language,"9,210","7,055","43,200","45,880","6,660","45,600","47,400"
13.15 Teaching assistants/aides,"33,970","27,870","30,400","31,480","26,785","30,800","31,920"
"13.99 Education, other","5,945","3,320","24,000","28,040","2,880","26,600","30,560"
"Visual and performing arts, and communications technologies","631,255","498,930","30,800","40,480","429,340","34,800","43,240"
10. Communications technologies/technicians and support services,"74,785","57,475","41,600","47,880","52,875","43,600","49,560"
10.01 Communications technology/technician,"2,065","1,355","49,600","52,900","1,260","53,200","54,600"
10.02 Audiovisual communications technologies/technicians,"19,885","16,460","40,800","46,520","15,005","43,200","48,320"
10.03 Graphic communications,"50,430","38,175","42,000","48,800","35,255","44,000","50,400"
"10.99 Communications technologies/technicians and support services, other","2,410","1,490","27,800","35,400","1,355","30,200","37,400"
50. Visual and performing arts,"556,470","441,450","29,400","39,520","376,460","33,600","42,360"
"50.01 Visual, digital and performing arts, general","23,980","19,585","24,600","35,400","17,275","27,200","37,400"
"50.02 Crafts/craft design, folk art and artisanry","1,290",870,"24,600","31,200",735,"29,800","34,600"
50.03 Dance,"6,485","5,370","15,600","29,520","4,340","16,600","32,400"
50.04 Design and applied arts,"206,775","164,395","34,800","42,080","143,230","38,000","44,640"
50.05 Drama/theatre arts and stagecraft,"42,345","36,725","22,400","34,360","31,465","24,200","35,640"
50.06 Film/video and photographic arts,"66,565","55,785","29,400","38,960","48,730","32,400","40,760"
50.07 Fine arts and art studies,"129,195","95,935","29,600","40,920","81,145","34,400","44,560"
50.09 Music,"76,200","59,620","22,200","35,920","46,610","27,600","40,080"
"50.10 Arts, entertainment, and media management","3,175","2,745","36,800","49,920","2,565","38,400","51,550"
50.11 Community/environmental/socially-engaged art,65,50,"17,400","28,000",45,"16,600","31,000"
"50.99 Visual and performing arts, other",395,360,"20,600","27,300",315,"21,200","27,200"
Humanities,"926,555","682,270","36,800","48,640","618,570","40,000","50,560"
"16. Indigenous and foreign languages, literatures, and linguistics","106,345","75,345","35,200","44,640","66,290","38,800","47,200"
"16.01 Linguistic, comparative and related language studies and services","72,325","53,805","39,200","47,360","47,600","42,400","49,800"
"16.02 African languages, literatures and linguistics",55,50,"10,600","17,500",50,"10,600","19,000"
"16.03 East Asian languages, literatures and linguistics","7,845","4,490","20,800","32,040","3,840","23,400","34,400"
"16.04 Slavic, Baltic and Albanian languages, literatures and linguistics","2,305","1,425","29,600","38,680","1,240","33,200","41,400"
"16.05 Germanic languages, literatures and linguistics","3,515","2,215","34,400","47,080","1,925","40,000","50,720"
16.06 Modern Greek language and literature,70,50,"40,400","39,000",50,"40,400","42,000"
"16.07 South Asian languages, literatures and linguistics","4,955","3,270","21,600","27,680","2,835","25,000","29,360"
"16.08 Iranian languages, literatures and linguistics",485,265,"7,500","19,200",205,"13,500","18,800"
"16.09 Romance languages, literatures and linguistics","5,160","3,620","40,400","51,850","3,260","43,200","55,300"
"16.10 Indigenous languages, literatures, and linguistics of the Americas",510,375,"43,600","48,800",375,"42,400","48,400"
"16.11 Middle/Near Eastern and Semitic languages, literatures and linguistics","1,580",830,"14,500","26,300",650,"17,200","28,950"
"16.12 Classics and classical languages, literatures and linguistics",780,305,"23,400","40,800",255,"32,800","43,200"
"16.13 Celtic languages, literatures and linguistics",40,25,x,"24,000",20,x,"12,000"
"16.14 Southeast Asian and Australasian/Pacific languages, literatures and linguistics",240,185,"32,400","38,800",160,"33,200","38,400"
"16.15 Turkic, Uralic-Altaic, Caucasian and Central Asian languages, literatures and linguistics",170,90,"14,700","20,400",55,"25,200","28,000"
16.16 Sign language,"2,340","1,875","36,000","38,080","1,670","37,600","38,920"
16.17 Second language learning,"2,985","1,855","31,400","37,880","1,610","36,400","41,120"
"16.18 Armenian languages, literatures, and linguistics",45,30,x,"24,000",20,x,"28,000"
"16.99 Indigenous and foreign languages, literatures and linguistics, other",940,580,"20,800","33,600",480,"24,000","37,200"
23. English language and literature/letters,"184,600","131,975","40,400","51,350","118,235","44,000","53,850"
"23.01 English language and literature, general","118,915","85,115","41,200","51,850","76,910","44,400","54,250"
23.13 English rhetoric and composition/writing studies,"8,680","7,040","35,200","42,680","6,175","38,400","45,040"
23.14 English literature,"56,390","39,515","40,000","52,050","34,875","44,400","54,700"
"23.99 English language and literature/letters, other",620,305,"17,600","29,000",270,"19,600","32,000"
"24. Liberal arts and sciences, general studies and humanities","316,055","240,980","30,000","43,040","221,365","32,000","44,320"
"24.01 Liberal arts and sciences, general studies and humanities","316,055","240,980","30,000","43,040","221,365","32,000","44,320"
30A Interdisciplinary humanities,"18,940","13,780","44,800","54,750","12,630","47,200","56,650"
30.13 Medieval and renaissance studies,700,580,"49,200","58,800",520,"52,400","61,000"
30.21 Holocaust and related studies,30,15,x,"32,000",15,x,"24,000"
30.22 Classical and ancient studies,"5,620","4,330","41,200","53,350","3,975","43,200","54,250"
30.29 Maritime studies,350,320,"90,000","86,000",305,"90,000","85,000"
30.45 History and language/literature,"10,780","7,370","45,200","55,100","6,745","48,400","57,450"
30.47 Linguistics and anthropology,195,140,"27,400","34,500",130,"32,000","34,500"
"30.51 Integrated philosophy, politics, and economics",115,105,"27,800","57,000",90,"51,600","62,000"
30.52 Digital humanities and textual studies,140,115,"23,400","31,200",115,"22,600","29,600"
30.53 Thanatology,"1,010",805,"46,400","51,100",735,"48,400","55,900"
38. Philosophy and religious studies,"57,745","42,190","42,000","56,300","37,750","45,200","58,250"
"38.00 Philosophy and religious studies, general","1,075",790,"42,400","49,800",715,"44,800","51,300"
"38.01 Philosophy, logic and ethics","35,165","26,110","44,800","62,150","23,345","48,000","63,950"
38.02 Religion/religious studies,"21,330","15,185","37,600","46,760","13,585","41,600","48,880"
"38.99 Philosophy and religious studies, other",175,115,"33,600","39,000",100,"36,000","44,000"
39. Theology and religious vocations,"77,505","56,030","39,600","44,680","50,125","42,800","46,920"
39.02 Bible/Biblical studies,"10,545","7,765","30,800","38,760","6,720","33,600","40,680"
39.03 Missions/missionary studies and missiology,685,460,"35,600","46,000",370,"38,800","49,800"
39.04 Religious education,"7,535","4,910","36,400","44,960","4,310","41,200","47,280"
39.05 Religious music and worship,720,560,"29,800","36,200",490,"30,400","36,600"
39.06 Theological and ministerial studies,"51,545","37,770","42,400","46,240","34,245","45,200","48,400"
39.07 Pastoral counselling and specialized ministries,"5,540","3,910","38,800","43,240","3,460","41,200","45,680"
39.08 Religious institution administration and law,270,175,"24,800","29,800",155,"34,000","32,000"
"39.99 Theology and religious vocations, other",665,485,"41,600","42,000",380,"47,600","47,200"
54. History,"108,930","82,300","50,000","63,200","75,875","52,800","64,900"
54.01 History,"108,930","82,300","50,000","63,200","75,875","52,800","64,900"
55. French language and literature/lettersCAN,"56,440","39,675","38,800","46,480","36,305","42,000","48,680"
"55.01 French language and literature, generalCAN","35,205","23,905","40,400","47,880","22,030","43,600","49,960"
55.13 French rhetoric and composition/writing studiesCAN,"2,195","1,650","35,200","41,120","1,465","40,400","43,280"
55.14 French literatureCAN,"18,640","13,885","36,800","45,000","12,590","40,000","47,360"
"55.99 French language and literature/letters, otherCAN",400,235,"21,600","29,600",220,"22,000","29,200"
Social and behavioural sciences and law,"2,016,120","1,620,290","44,800","60,600","1,480,225","46,800","60,650"
"05. Area, ethnic, cultural, gender, and group studies","29,435","23,515","42,800","50,480","21,735","45,200","52,200"
05.01 Area studies,"15,125","11,800","46,000","54,400","10,725","49,200","56,550"
"05.02 Ethnic, cultural minority, gender, and group studies","14,290","11,710","40,400","46,520","11,000","42,000","47,960"
"05.99 Area, ethnic, cultural, gender, and group studies, other",0,0,...,...,0,...,...
"09. Communication, journalism and related programs","233,400","199,720","46,400","54,200","183,975","48,400","55,800"
09.01 Communication and media studies,"114,770","99,905","46,800","54,900","92,940","48,400","56,200"
09.04 Journalism,"48,145","39,465","45,600","54,000","35,550","48,400","56,100"
"09.07 Radio, television and digital communication","17,135","14,120","43,200","52,600","12,835","46,000","54,450"
"09.09 Public relations, advertising and applied communication","48,485","42,180","46,800","53,950","39,025","48,800","55,550"
09.10 Publishing,"1,780","1,400","41,600","45,240","1,220","44,800","47,500"
"09.99 Communication, journalism and related programs, other","3,080","2,650","41,200","47,600","2,400","43,600","50,400"
19. Family and consumer sciences/human sciences,"344,145","266,650","31,800","35,280","246,470","33,600","36,440"
"19.01 Family and consumer sciences/human sciences, general","17,810","8,910","30,200","39,400","7,940","35,200","41,600"
19.02 Family and consumer sciences/human sciences business services,"2,525","2,120","47,200","54,700","2,005","50,400","56,500"
19.04 Family and consumer economics and related services,90,50,"26,200","34,000",40,"26,400","38,000"
"19.05 Foods, nutrition and related services","34,285","27,180","39,200","46,360","25,065","42,000","47,840"
19.06 Housing and human environments,"11,230","8,705","27,600","34,600","7,795","29,600","36,560"
"19.07 Human development, family studies and related services","245,085","201,420","31,600","33,520","187,675","33,200","34,440"
19.09 Apparel and textiles,"27,145","13,785","23,400","29,920","11,750","26,400","32,680"
19.10 Work and family studies,"1,865","1,235","41,600","54,300","1,170","42,400","56,200"
"19.99 Family and consumer sciences/human sciences, other","4,120","3,250","40,000","44,600","3,035","40,400","45,280"
22. Legal professions and studies,"325,785","262,285","54,400","86,000","230,140","55,200","79,400"
22.00 Non-professional legal studies,"6,070","5,250","41,600","49,720","4,970","43,600","49,720"
"22.01 Law (LLB, JD, BCL)","160,775","128,890","67,500","108,700","108,065","67,500","98,300"
22.02 Legal research and advanced professional studies (post-LLB/JD),"43,375","35,615","69,000","109,800","30,490","71,000","103,900"
22.03 Legal support services,"115,100","92,250","44,800","47,240","86,390","46,800","48,880"
"22.99 Legal professions and studies, other",460,280,"66,000","81,000",230,"66,500","86,000"
30B Interdisciplinary social and behavioural sciences,"49,855","40,245","43,600","52,450","37,655","45,600","53,750"
30.05 Peace studies and conflict resolution,"3,570","3,155","53,600","59,550","2,975","54,400","61,000"
30.11 Gerontology,"9,505","6,190","42,800","46,240","5,865","44,400","47,320"
30.14 Museology/museum studies,"3,295","2,740","42,800","45,360","2,525","45,200","47,120"
"30.15 Science, technology and society",170,160,"42,000","47,000",140,"44,000","50,000"
30.17 Behavioural sciences,"3,665","2,935","36,000","42,280","2,740","37,200","43,920"
30.20 International/globalization studies,"6,900","6,150","37,200","44,520","5,885","38,000","44,800"
30.23 Intercultural/multicultural and diversity studies,"1,035",855,"32,400","41,600",800,"38,000","43,300"
30.25 Cognitive science,"2,075","1,765","31,000","46,320","1,685","31,600","46,680"
30.26 Cultural studies/critical theory and analysis,"3,035","2,525","36,400","44,200","2,270","38,800","46,280"
30.28 Dispute resolution,"1,250","1,010","44,000","50,100",855,"50,800","55,700"
30.31 Human computer interaction,220,200,"66,000","74,000",195,"66,000","73,500"
30.33 Sustainability studies,"3,025","2,755","42,800","52,450","2,610","44,800","52,750"
30.34 Anthrozoology,25,20,x,"36,000",0,...,...
30.36 Cultural studies and comparative literature,55,50,"49,600","50,000",40,"49,600","54,000"
30.40 Economics and foreign language/literature,780,580,"44,400","75,600",495,"52,400","85,600"
30.44 Geography and environmental studies,"3,380","3,005","51,200","60,800","2,835","51,600","61,800"
30.46 History and political science,"7,870","6,165","57,200","71,300","5,720","59,600","72,900"
42. Psychology,"327,960","260,475","45,600","54,450","235,680","47,200","55,200"
"42.01 Psychology, general","259,430","205,125","44,000","53,750","185,995","46,000","54,550"
42.27 Research and experimental psychology,"17,425","12,740","44,000","52,050","11,760","46,400","53,900"
"42.28 Clinical, counselling and applied psychology","49,765","41,485","54,400","58,300","36,930","55,600","58,300"
"42.99 Psychology, other","1,345","1,130","54,400","70,200",990,"57,200","70,000"
45. Social sciences,"705,540","567,390","51,600","66,900","524,570","54,000","68,800"
45.01 General social sciences,"58,045","46,605","36,800","47,720","43,685","38,800","48,840"
45.02 Anthropology,"30,235","23,920","44,000","52,750","21,865","46,800","55,050"
45.03 Archaeology,"6,330","5,195","42,000","49,240","4,790","44,400","51,200"
45.04 Criminology,"65,010","58,780","53,600","59,550","56,815","54,800","60,200"
45.05 Demography,870,675,"61,600","60,300",625,"63,600","62,800"
45.06 Economics,"202,525","156,895","53,200","79,300","141,190","56,800","83,200"
45.07 Geography and cartography,"74,960","58,725","60,000","68,000","54,655","62,800","70,300"
45.09 International relations and national security studies,"18,185","15,440","51,600","66,800","14,395","54,800","68,800"
45.10 Political science and government,"126,455","103,900","55,200","72,700","95,845","58,000","73,700"
45.11 Sociology,"111,995","88,320","49,600","58,500","82,425","52,000","60,300"
45.12 Urban studies/affairs,"2,800","2,340","56,000","62,250","2,145","57,600","64,500"
45.13 Sociology and anthropology,"2,885","2,275","50,000","55,750","2,100","52,800","58,700"
45.15 Geography and anthropology,300,200,"44,800","57,600",190,"48,800","60,800"
"45.99 Social sciences, other","4,955","4,125","35,600","44,560","3,855","38,000","46,360"
"Business, management and public administration","3,758,250","2,971,960","48,400","66,400","2,751,500","50,400","68,300"
30.16 Accounting and computer science,"5,335","3,775","43,600","52,150","3,465","46,400","55,150"
44. Public administration and social service professions,"272,240","218,610","48,800","53,800","207,125","50,400","55,050"
"44.00 Human services, general","51,815","40,165","38,800","41,040","38,320","40,000","42,080"
44.02 Community organization and advocacy,355,250,"33,200","40,000",225,"39,200","44,000"
44.04 Public administration,"37,775","29,785","68,000","73,500","28,045","70,500","76,200"
44.05 Public policy analysis,"7,100","6,375","70,000","76,100","6,095","71,000","77,400"
44.07 Social work,"174,675","141,755","49,200","52,300","134,180","50,800","53,300"
"44.99 Public administration and social service professions, other",520,280,"40,800","50,800",270,"46,000","51,200"
"52. Business, management, marketing and related support services","3,480,675","2,749,580","48,400","67,400","2,540,915","50,400","69,400"
"52.01 Business/commerce, general","621,190","501,500","56,000","86,700","462,410","58,800","89,900"
"52.02 Business administration, management and operations","848,070","691,790","53,200","70,800","647,110","55,200","73,000"
52.03 Accounting and related services,"635,775","498,315","48,000","63,250","458,710","50,000","64,700"
52.04 Business operations support and assistant services,"382,000","236,740","35,600","36,600","223,325","37,200","37,720"
52.05 Business/corporate communications,"2,965","2,520","50,800","59,950","2,360","52,000","61,400"
52.06 Business/managerial economics,"22,665","18,150","57,200","92,500","16,575","60,800","97,100"
52.07 Entrepreneurial and small business operations,"13,075","10,655","34,000","44,880","9,440","37,200","47,280"
52.08 Finance and financial management services,"221,865","182,580","55,200","89,600","166,690","57,600","93,000"
52.09 Hospitality administration/management,"128,710","109,095","32,000","39,600","102,460","33,200","40,360"
52.10 Human resources management and services,"139,880","117,895","54,400","61,650","113,040","55,600","62,900"
52.11 International business/trade/commerce,"32,465","26,655","42,800","55,950","24,400","45,200","58,750"
52.12 Management information systems and services,"19,245","16,230","69,000","75,700","15,430","71,500","77,900"
52.13 Management sciences and quantitative methods,"16,105","14,095","84,000","109,700","13,525","86,000","111,700"
52.14 Marketing,"157,820","134,750","48,400","61,400","123,965","50,800","63,600"
52.15 Real estate,"62,365","45,740","38,400","55,500","29,555","40,000","53,700"
52.16 Taxation,"4,840","4,160","80,000","107,400","3,715","80,000","98,100"
52.17 Insurance,"37,780","28,775","54,000","61,250","26,340","56,400","63,850"
"52.18 General sales, merchandising and related marketing operations","31,595","24,200","38,800","50,080","22,365","40,800","51,800"
"52.19 Specialized sales, merchandising and marketing operations","90,620","75,845","35,200","41,160","70,275","36,800","42,720"
52.20 Construction management,"9,670","8,300","66,000","76,300","7,810","68,000","78,700"
52.21 Telecommunications management,195,170,"55,200","63,200",145,"54,800","65,000"
"52.99 Business, management, marketing and related support services, other","1,790","1,415","48,800","79,600","1,260","52,400","86,800"
Physical and life sciences and technologies,"719,720","563,660","46,400","60,950","524,870","49,200","62,350"
26. Biological and biomedical sciences,"297,050","238,965","49,200","61,800","222,920","51,200","62,250"
"26.01 Biology, general","122,640","98,645","45,200","55,450","92,330","47,200","56,700"
26.02 Biochemistry/biophysics and molecular biology,"45,040","36,030","54,400","67,100","33,710","57,200","67,800"
26.03 Botany/plant biology,"8,585","6,350","37,600","49,960","5,635","42,800","53,750"
26.04 Cell/cellular biology and anatomical sciences,"6,595","5,360","58,000","68,900","5,010","59,200","68,500"
26.05 Microbiological sciences and immunology,"26,590","21,075","53,600","66,400","19,740","55,200","66,500"
26.07 Zoology/animal biology,"12,585","9,475","41,200","53,600","8,590","45,200","56,950"
26.08 Genetics,"6,295","4,945","68,000","82,100","4,590","69,000","81,100"
"26.09 Physiology, pathology and related sciences","12,270","9,655","58,400","78,100","8,795","58,400","74,400"
26.10 Pharmacology and toxicology,"8,405","6,910","60,400","79,000","6,460","62,000","78,900"
"26.11 Biomathematics, bioinformatics, and computational biology","2,775","2,350","60,000","69,400","2,220","61,200","70,400"
26.12 Biotechnology,"12,505","10,620","39,600","47,760","10,225","40,000","47,960"
"26.13 Ecology, evolution, systematics and population biology","20,035","17,000","58,000","73,600","15,760","59,600","70,800"
26.14 Molecular medicine,515,415,"69,000","72,400",385,"69,500","70,000"
26.15 Neurobiology and neurosciences,"12,190","10,110","42,400","62,400","9,455","44,000","61,550"
"26.99 Biological and biomedical sciences, other",35,20,x,"68,000",20,x,"56,000"
30.01 Biological and physical sciences,"155,960","122,235","42,400","57,450","113,150","45,200","59,100"
30C Other interdisciplinary physical and life sciences,"35,380","30,565","14,600","30,400","29,440","14,500","30,240"
30.10 Biopsychology,"3,650","3,115","41,600","49,280","2,915","42,800","49,840"
30.18 Natural sciences,"24,375","21,310","11,500","19,200","20,830","11,500","19,060"
30.19 Nutrition sciences,"3,625","3,080","51,200","55,400","2,885","52,000","55,900"
30.27 Human biology,"1,955","1,595","52,400","69,900","1,485","56,800","72,500"
30.32 Marine sciences,375,300,"54,000","55,200",270,"58,000","58,400"
30.35 Climate science,535,420,"57,200","61,200",375,"61,600","65,600"
30.38 Earth systems science,35,30,x,"85,000",30,x,"85,000"
30.41 Environmental geosciences,545,505,"45,600","56,800",475,"46,000","57,600"
30.42 Geoarchaeology,15,0,...,...,0,...,...
30.43 Geobiology,265,205,"44,800","54,000",175,"47,600","52,400"
30.50 Mathematics and atmospheric/oceanic science,0,0,...,...,0,...,...
40. Physical sciences,"196,620","147,605","55,200","70,400","136,530","59,200","73,600"
"40.01 Physical sciences, general","14,470","11,710","52,400","65,900","11,075","56,400","68,000"
40.02 Astronomy and astrophysics,"2,660","2,080","66,000","77,200","1,970","67,000","79,200"
40.04 Atmospheric sciences and meteorology,"2,800","2,035","73,500","70,300","1,880","78,500","73,600"
40.05 Chemistry,"80,540","60,130","50,800","63,400","55,890","54,800","66,000"
40.06 Geological and Earth sciences/geosciences,"45,360","34,435","58,800","82,600","31,575","62,800","86,800"
40.08 Physics,"43,510","31,885","60,000","72,500","29,230","65,000","76,500"
40.10 Materials sciences,"4,375","3,240","47,600","69,900","2,975","52,400","73,800"
40.11 Physics and astronomy,670,535,"28,200","44,400",495,"32,400","47,400"
"40.99 Physical sciences, other","2,230","1,555","57,600","65,000","1,435","63,200","69,300"
41. Science technologies/technicians,"34,710","24,285","44,000","50,760","22,825","46,000","52,850"
"41.00 Science technologies/technicians, general","17,665","11,625","39,200","44,720","10,830","41,600","46,880"
41.01 Biology and biotechnology technologies/technicians,"2,785","2,165","38,000","41,160","2,035","39,600","42,800"
41.02 Nuclear and industrial radiologic technologies/technicians,655,510,"65,000","62,800",485,"65,000","63,200"
41.03 Physical science technologies/technicians,"12,970","9,485","52,000","59,450","8,990","54,000","61,500"
"41.99 Science technologies/technicians, other",640,500,"51,600","56,400",490,"51,600","57,000"
"Mathematics, computer and information sciences","804,230","656,470","59,200","70,300","618,330","61,600","72,600"
11. Computer and information sciences and support services,"643,145","540,030","60,000","70,100","510,310","62,400","72,300"
"11.01 Computer and information sciences and support services, general","164,690","138,185","57,600","65,600","130,775","60,000","67,500"
11.02 Computer programming,"61,970","49,680","50,800","59,350","46,460","53,200","61,600"
11.03 Data processing and data processing technology/technician,"4,005","2,690","45,200","54,050","2,480","48,400","56,250"
11.04 Information science/studies,"4,610","4,000","67,500","75,600","3,855","70,000","76,600"
11.05 Computer systems analysis/analyst,"15,140","12,475","61,200","64,900","11,645","63,200","67,300"
11.06 Data entry/microcomputer applications,"10,895","7,155","35,200","40,120","6,645","38,000","42,000"
11.07 Computer science,"288,310","245,220","71,500","81,300","232,665","73,500","83,700"
11.08 Computer software and media applications,"24,420","21,000","38,800","47,600","19,310","40,800","49,240"
11.09 Computer systems networking and telecommunications,"1,115",975,"63,200","69,200",920,"70,000","72,000"
11.10 Computer/information technology administration and management,"52,895","46,150","48,800","55,100","43,745","50,800","56,700"
"11.99 Computer and information sciences and support services, other","15,110","12,500","51,200","59,850","11,810","55,200","62,000"
25. Library science,"43,085","28,215","47,600","51,400","26,795","50,000","53,000"
25.01 Library science and administration,"26,590","17,755","56,400","58,950","16,745","58,400","61,000"
25.03 Library and archives assisting,"16,440","10,430","38,800","38,560","10,025","40,000","39,600"
"25.99 Library science, other",60,25,x,"32,000",25,x,"32,000"
27. Mathematics and statistics,"99,360","72,965","58,000","77,100","66,915","62,400","80,300"
27.01 Mathematics,"72,285","51,525","58,400","79,300","47,165","63,200","82,700"
27.03 Applied mathematics,"8,485","6,660","65,500","80,900","6,150","70,500","83,600"
27.05 Statistics,"18,040","14,375","54,000","68,100","13,230","58,800","70,700"
27.06 Applied statistics,285,205,"60,400","72,000",190,"60,800","72,000"
"27.99 Mathematics and statistics, other",265,200,"39,200","50,800",180,"39,200","51,600"
"30D Interdisciplinary mathematics, computer and information sciences","18,640","15,265","70,000","81,200","14,320","74,000","83,200"
30.06 Systems science and theory,215,195,"80,000","96,000",170,"88,000","106,000"
30.08 Mathematics and computer science,"10,445","8,255","76,000","86,800","7,720","79,500","88,800"
30.30 Computational science,395,325,"70,000","76,000",320,"70,000","75,500"
30.39 Economics and computer science,865,700,"81,000","94,800",655,"85,000","97,000"
30.48 Linguistics and computer science,170,135,"83,000","82,000",130,"83,000","86,000"
30.49 Mathematical economics,"2,405","1,945","54,000","70,800","1,750","55,600","72,800"
30.70 Data science,"1,510","1,305","60,400","61,850","1,265","61,600","62,900"
30.71 Data analytics,"2,635","2,405","72,000","76,500","2,305","74,500","78,900"
"Architecture, engineering, and related trades","3,506,120","2,770,415","56,400","65,800","2,583,270","59,200","68,600"
04. Architecture and related services,"135,020","109,620","53,200","63,150","99,085","56,800","66,300"
04.02 Architecture,"55,900","43,525","50,400","62,750","38,385","55,200","66,500"
"04.03 City/urban, community and regional planning","26,795","22,505","64,500","73,600","21,015","67,000","76,100"
04.04 Environmental design/architecture,"4,070","3,385","36,000","49,200","2,980","40,000","52,450"
04.05 Interior architecture,"1,155",865,"30,000","40,300",735,"36,400","44,100"
"04.06 Landscape architecture (BS, BSc, BSLA, BLA, MSLA, MLA, PhD)","5,875","4,775","55,200","62,350","4,185","60,400","67,300"
"04.08 Architectural history, criticism, and conservation",640,520,"35,600","53,400",480,"38,800","56,000"
04.09 Architectural sciences and technology,"38,080","32,015","52,800","58,950","29,520","55,200","61,200"
04.10 Real estate development,205,150,"65,000","128,000",125,"87,000","160,000"
"04.99 Architecture and related services, other","2,300","1,885","44,000","52,750","1,655","49,200","56,450"
14. Engineering,"900,475","737,305","67,500","82,400","691,455","71,500","85,800"
14.01 General engineering,"199,285","161,820","80,000","99,200","151,755","84,000","103,200"
"14.02 Aerospace, aeronautical and astronautical/space engineering","12,725","10,835","66,500","76,700","10,340","68,500","78,800"
14.03 Agricultural engineering,"6,840","5,155","40,800","49,560","4,555","46,000","53,950"
14.04 Architectural engineering,"2,680","1,820","36,400","45,760","1,655","38,800","48,080"
14.05 Biomedical/medical engineering,"7,555","6,335","55,600","63,900","6,035","57,200","64,200"
14.06 Ceramic sciences and engineering,115,70,"47,200","70,000",65,"46,000","70,000"
14.07 Chemical engineering,"45,520","36,510","67,000","86,400","34,535","70,000","89,300"
14.08 Civil engineering,"110,500","88,635","61,600","73,200","82,070","65,500","77,100"
14.09 Computer engineering,"70,175","61,835","77,000","87,900","59,165","79,000","90,000"
"14.10 Electrical, electronics and communications engineering","156,370","126,430","69,500","80,600","118,320","74,000","84,300"
14.11 Engineering mechanics,485,345,"54,800","70,800",315,"67,000","76,500"
14.12 Engineering physics/applied physics,"5,475","4,435","76,000","85,400","4,210","79,000","88,100"
14.13 Engineering science,"1,805","1,490","89,000","111,400","1,440","92,000","113,700"
14.14 Environmental/environmental health engineering,"7,955","6,860","61,600","69,900","6,460","65,000","72,600"
14.18 Materials engineering,"5,560","4,635","63,600","75,200","4,430","65,000","77,000"
14.19 Mechanical engineering,"140,890","116,710","62,800","74,700","109,670","66,000","77,800"
14.20 Metallurgical engineering,"2,945","2,085","58,400","87,800","1,880","64,500","93,500"
14.21 Mining and mineral engineering,"6,160","4,985","84,000","130,800","4,660","88,000","136,000"
14.22 Naval architecture and marine engineering,"4,740","3,855","56,000","72,200","3,615","58,800","74,400"
14.23 Nuclear engineering,"1,455","1,270","90,000","91,200","1,195","91,000","94,600"
14.24 Ocean engineering,95,70,"80,000","74,000",55,"108,000","84,000"
14.25 Petroleum engineering,"5,955","4,770","50,800","84,000","4,435","55,600","88,400"
14.27 Systems engineering,"3,550","2,995","78,000","87,900","2,830","80,000","90,200"
14.28 Textile sciences and engineering,"1,375",940,"33,600","40,500",775,"38,800","43,600"
14.32 Polymer/plastics engineering,540,380,"46,000","48,000",350,"47,600","50,000"
14.33 Construction engineering,"12,465","9,980","53,200","61,150","9,070","58,400","65,000"
14.34 Forest engineering,"2,545","1,955","60,800","67,300","1,795","65,500","72,700"
14.35 Industrial engineering,"23,010","19,490","58,000","71,500","18,355","60,400","73,700"
14.36 Manufacturing engineering,"3,890","3,390","68,000","71,300","3,230","69,500","74,300"
14.37 Operations research,"1,385","1,020","72,000","81,400",935,"82,000","86,000"
14.38 Surveying engineering,"4,750","3,560","66,500","72,500","3,280","71,500","76,600"
14.39 Geological/geophysical engineering,"3,780","2,970","72,000","87,900","2,745","76,000","92,300"
14.40 Paper science and engineering,150,110,"105,000","110,000",100,"113,000","116,000"
14.41 Electromechanical engineering,"2,495","1,955","54,400","62,750","1,810","56,000","65,800"
"14.42 Mechatronics, robotics, and automation engineering","6,770","5,835","65,000","70,400","5,530","67,000","72,800"
14.43 Biochemical engineering,830,695,"70,000","81,600",670,"71,500","84,200"
14.44 Engineering chemistry,"1,415","1,100","47,600","59,400",980,"51,200","65,200"
14.45 Biological/biosystems engineering,"1,315","1,090","54,000","84,000","1,040","55,600","86,600"
14.47 Electrical and computer engineering,"8,150","7,340","78,500","99,200","7,070","81,000","101,500"
14.48 Energy systems engineering,"6,005","4,895","59,600","71,100","4,565","64,500","74,600"
"14.99 Engineering, other","20,770","16,650","47,600","58,700","15,460","50,400","61,350"
15. Engineering/engineering-related technologies/technicians,"726,155","573,045","58,400","66,500","539,440","61,200","69,100"
15.00 General engineering technologies/technicians,"44,215","31,655","55,600","68,400","29,210","60,000","72,000"
15.01 Architectural engineering technology/technician,"1,805","1,535","62,400","70,700","1,465","65,000","72,700"
15.02 Civil engineering technology/technician,"52,930","42,585","61,200","68,100","40,265","63,600","70,500"
15.03 Electrical/electronic engineering technologies/technicians,"190,295","145,910","57,200","62,700","136,220","60,400","65,600"
15.04 Electromechanical technologies/technicians,"52,380","44,545","64,000","72,100","42,725","66,500","74,300"
15.05 Environmental control technologies/technicians,"22,475","19,090","56,000","58,500","18,030","58,400","60,550"
15.06 Industrial production technologies/technicians,"27,680","22,705","58,800","68,200","21,575","60,800","70,200"
15.07 Quality control and safety technologies/technicians,"28,935","23,980","60,800","66,800","22,965","62,400","68,500"
15.08 Mechanical engineering related technologies/technicians,"72,375","57,535","59,600","65,000","54,155","61,600","67,200"
15.09 Mining and petroleum technologies/technicians,"34,895","28,300","59,200","71,500","26,435","62,800","74,900"
15.10 Construction engineering technology/technician,"7,620","6,570","62,000","71,100","6,175","65,500","73,700"
15.11 Engineering-related technologies/technicians,"12,915","9,105","52,000","58,600","8,450","55,600","61,600"
15.12 Computer engineering technologies/technicians,"59,330","49,535","54,800","61,650","46,915","56,800","63,400"
15.13 Drafting/design engineering technologies/technicians,"44,500","32,175","44,400","50,440","29,710","46,800","52,600"
15.14 Nuclear engineering technology/technician,35,35,x,"44,000",35,x,"40,000"
15.15 Engineering-related fields,"5,600","4,590","73,500","83,400","4,275","77,000","86,600"
15.16 Nanotechnology,"1,010",810,"50,400","59,200",790,"50,800","59,700"
15.17 Energy systems technologies/technicians,"56,280","43,525","75,000","88,200","41,785","77,500","91,100"
"15.99 Engineering/engineering-related technologies/technicians, other","10,870","8,855","60,400","66,900","8,275","64,000","70,500"
30.12 Historic preservation and conservation,575,485,"40,000","44,200",445,"42,400","47,400"
46. Construction trades,"703,905","552,580","50,800","56,500","510,045","53,600","58,850"
"46.00 Construction trades, general","45,970","36,660","44,400","50,400","33,340","46,800","52,700"
46.01 Masonry/mason,"22,700","16,285","42,400","46,120","14,805","44,000","47,960"
46.02 Carpentry/carpenter,"164,220","127,505","46,000","50,520","113,990","48,800","53,050"
46.03 Electrical and power transmission installers,"233,835","185,665","58,000","63,050","175,115","60,800","65,200"
"46.04 Building/construction finishing, management and inspection","97,735","75,915","45,600","49,480","69,045","47,600","51,400"
46.05 Plumbing and related water supply services,"133,090","105,435","55,600","59,300","98,845","58,000","61,500"
"46.99 Construction trades, other","6,350","5,120","94,000","90,400","4,900","98,000","93,400"
47. Mechanic and repair technologies/technicians,"659,485","512,700","54,000","58,650","476,545","56,400","61,250"
"47.00 Mechanics and repairers, general","99,485","74,740","48,400","52,950","68,000","51,600","56,000"
47.01 Electrical/electronics maintenance and repair technologies/technicians,"46,010","34,025","49,200","52,250","31,275","52,400","54,700"
"47.02 Heating, air conditioning, ventilation and refrigeration maintenance technology/technician","49,815","41,165","55,200","59,750","38,385","58,000","61,950"
47.03 Heavy/industrial equipment maintenance technologies/technicians,"139,110","110,290","71,000","74,400","105,125","73,500","76,900"
47.04 Precision systems maintenance and repair technologies/technicians,"18,225","13,705","52,400","57,700","12,690","55,200","60,750"
47.06 Vehicle maintenance and repair technologies/technicians,"304,700","237,155","50,400","53,950","219,595","52,800","56,300"
47.07 Energy systems maintenance and repair technologies/technicians,"1,365","1,105","38,800","52,400","1,020","44,000","54,800"
"47.99 Mechanic and repair technologies/technicians, other",780,510,"27,800","38,200",450,"36,000","41,800"
48. Precision production,"380,505","284,675","48,400","53,050","266,255","50,800","55,200"
"48.00 Precision production trades, general",570,500,"44,800","46,200",500,"44,800","46,200"
48.03 Leatherworking and upholstery,"3,405","1,860","25,000","30,880","1,495","31,200","34,920"
48.05 Precision metal working,"315,475","237,475","50,400","54,550","223,690","52,400","56,550"
48.07 Woodworking,"47,535","34,910","39,600","43,240","31,240","42,000","45,560"
48.08 Boilermaking/boilermaker,"8,035","5,845","54,000","62,450","5,610","56,000","64,100"
"48.99 Precision production, other","5,490","4,090","42,800","48,600","3,725","45,200","51,400"
"Agriculture, natural resources and conservation","407,545","333,330","42,400","51,600","297,035","46,000","54,650"
01. Agricultural and veterinary sciences/services/operations and related fields 14,"262,580","210,975","38,400","47,280","182,360","42,000","50,720"
"01.00 Agriculture, general","65,590","51,105","36,000","46,480","40,570","42,800","52,550"
01.01 Agricultural business and management,"14,025","11,680","42,800","55,000","10,055","47,600","59,800"
01.02 Agricultural mechanization,"6,710","5,770","51,200","55,600","4,745","57,600","61,050"
01.03 Agricultural production operations,"17,070","14,100","33,600","39,600","11,875","38,000","43,520"
01.04 Agricultural and food products processing,"2,575","2,070","33,200","35,680","1,910","35,200","37,240"
01.05 Agricultural and domestic animal services,"11,640","9,175","19,800","26,520","7,065","24,200","29,920"
01.06 Applied horticulture/horticultural business services,"49,340","37,690","36,800","43,880","33,265","39,600","46,200"
01.07 International agriculture,50,50,"37,600","44,000",45,"39,600","48,000"
01.08 Agricultural public services,250,190,"52,000","53,600",180,"45,600","55,200"
01.09 Animal sciences,"12,130","10,155","39,200","46,600","9,230","42,400","49,720"
01.10 Food science and technology,"19,930","15,835","46,400","53,200","14,890","49,200","55,400"
01.11 Plant sciences,"13,225","10,770","49,200","55,350","9,650","52,000","58,400"
01.12 Soil sciences,"2,515","1,890","54,800","65,000","1,655","63,200","71,300"
01.13 Agriculture/veterinary preparatory programs,95,85,"10,500","22,400",70,"11,300","25,000"
01.80 Veterinary medicine (DVM),"16,355","13,340","68,000","73,500","11,635","70,500","74,800"
"01.81 Veterinary biomedical and clinical sciences (Cert., MS, MSc, PhD)","2,820","2,255","69,500","84,900","2,075","74,000","88,400"
01.82 Veterinary administrative services,"1,535","1,255","28,600","29,900","1,210","28,800","30,550"
01.83 Veterinary/animal health technologies/technicians,"26,105","23,105","33,200","35,520","21,815","34,400","36,520"
"01.99 Agricultural and veterinary sciences/services/operations and related fields, other",625,460,"44,800","48,600",425,"50,800","53,600"
03. Natural resources and conservation,"144,960","122,360","52,000","59,050","114,675","54,400","60,900"
03.01 Natural resources conservation and research,"57,620","50,980","53,600","61,200","48,195","56,000","62,700"
03.02 Environmental/natural resources management and policy,"23,000","19,885","51,200","58,800","18,650","53,200","60,250"
03.03 Fishing and fisheries sciences and management,"1,800","1,430","45,200","53,350","1,290","46,000","53,800"
03.05 Forestry,"55,750","44,320","52,000","58,200","41,195","54,800","60,800"
03.06 Wildlife and wildlands science and management,"6,255","5,280","41,600","47,520","4,925","43,600","49,520"
"03.99 Natural resources and conservation, other",535,470,"51,600","55,400",420,"52,400","55,000"
Health and related fields,"2,444,500","1,854,055","46,000","56,000","1,709,325","47,200","55,250"
30.37 Design for human health,40,30,x,"56,000",25,x,"64,000"
"31. Parks, recreation, leisure, fitness, and kinesiology","180,785","151,055","40,000","49,760","138,125","42,800","51,550"
"31.01 Parks, recreation, and leisure studies","30,110","24,915","42,800","48,320","23,380","44,800","50,320"
"31.03 Parks, recreation, and leisure facilities management","4,035","3,525","55,200","59,150","3,335","56,000","60,450"
"31.05 Sports, kinesiology, and physical education/physical fitness","142,570","119,110","38,400","49,880","108,085","41,600","51,650"
31.06 Outdoor education,"3,565","3,200","38,400","49,160","3,045","38,000","49,240"
"31.99 Parks, recreation, leisure, fitness, and kinesiology, other",500,305,"14,700","24,000",280,"15,300","26,000"
51. Health professions and related programs 14,"2,194,395","1,650,235","45,600","54,000","1,528,960","46,800","53,850"
51.00 General health services/allied health/health sciences,"91,720","73,230","36,000","44,360","69,160","37,600","45,000"
51.01 Chiropractic (DC),"9,835","7,965","45,600","57,100","4,130","40,000","54,150"
51.02 Communication disorders sciences and services,"18,590","15,760","64,500","61,200","14,280","66,000","62,450"
"51.04 Dentistry (DDS, DMD)","38,240","27,015","51,600","71,600","20,205","44,400","65,600"
"51.05 Advanced/graduate dentistry and oral sciences (Cert., MS, MSc, PhD)","5,570","4,040","54,000","87,000","3,275","48,400","80,600"
51.06 Dental support services and allied professions,"115,095","93,590","35,200","38,200","87,845","36,000","38,680"
51.07 Health and medical administrative services,"132,140","101,880","37,200","40,440","97,225","38,400","41,280"
51.08 Allied health and medical assisting services,"65,575","53,705","38,000","39,640","51,155","39,200","40,640"
"51.09 Allied health diagnostic, intervention and treatment professions","96,860","79,410","65,500","64,700","76,890","66,500","65,900"
51.10 Clinical/medical laboratory science/research and allied professions,"59,030","40,495","49,200","50,360","38,725","50,800","51,950"
51.11 Health/medical preparatory programs,"17,640","12,855","18,400","31,240","11,135","18,600","31,520"
51.12 Medicine,"85,465","63,195","72,000","105,200","51,310","66,000","89,400"
51.14 Medical clinical sciences/graduate medical studies,"26,980","20,665","73,000","110,800","16,715","70,000","97,200"
51.15 Mental and social health services and allied professions,"35,215","26,945","38,400","41,520","24,270","39,600","42,200"
51.17 Optometry (OD),"8,080","6,515","71,500","79,400","3,455","51,200","63,350"
51.18 Ophthalmic and optometric support services and allied professions,"13,685","11,015","41,600","44,800","10,315","42,800","45,160"
"51.20 Pharmacy, pharmaceutical sciences and administration","72,375","58,060","74,000","77,300","55,130","75,500","77,200"
51.22 Public health,"30,995","25,480","61,600","71,700","24,080","61,200","68,800"
51.23 Rehabilitation and therapeutic professions,"91,610","76,710","52,000","53,200","68,270","52,800","53,700"
51.26 Health aides/attendants/orderlies,"271,690","208,160","34,800","35,000","200,480","35,600","35,600"
51.27 Medical illustration and informatics,"1,710","1,505","70,500","77,200","1,395","72,500","79,500"
51.31 Dietetics and clinical nutrition services,"19,425","14,445","38,800","42,400","13,415","40,400","43,480"
"51.32 Health professions education, ethics, and humanities","3,875","2,570","78,000","91,900","2,395","75,000","81,900"
51.33 Alternative and complementary medicine and medical systems,"11,465","8,600","19,800","30,000","5,260","22,000","33,280"
51.34 Alternative and complementary medical support services,"10,170","8,135","36,000","42,600","7,055","35,600","39,720"
51.35 Somatic bodywork and related therapeutic services,"46,780","39,790","21,600","27,720","23,215","20,600","28,800"
51.36 Movement and mind-body therapies,"2,405","1,795","12,500","24,300","1,290","18,800","29,840"
51.37 Energy-based and biologically-based therapies,"1,415",975,"15,900","24,920",720,"17,800","27,900"
"51.38 Registered nursing, nursing administration, nursing research and clinical nursing","655,735","465,995","62,800","62,300","450,525","64,500","63,650"
"51.39 Practical nursing, vocational nursing and nursing assistants","154,065","98,930","43,200","42,640","94,870","44,400","43,640"
"51.99 Health professions and related programs, other",955,805,"39,600","44,000",765,"39,600","41,600"
60. Health professions residency/fellowship programs,"5,255","4,470","100,000","95,100","4,170","99,000","94,100"
60.01 Dental residency/fellowship programs,"1,230",860,"62,400","106,000",680,"54,000","105,800"
60.03 Veterinary residency/fellowship programs,705,575,"86,000","87,200",505,"89,000","89,200"
60.07 Nurse practitioner residency/fellowship programs,"3,270","2,985","103,000","93,400","2,930","102,000","92,100"
60.08 Pharmacy residency/fellowship programs,50,50,"111,000","96,000",50,"111,000","96,000"
60.09 Physician assistant residency/fellowship programs,0,0,...,...,0,...,...
"60.99 Health professions residency/fellowship programs, other",0,0,...,...,0,...,...
61. Medical residency/fellowship programs,"64,030","48,265","108,000","140,400","38,055","88,000","120,700"
61.01 Combined medical residency/fellowship programs,930,770,"126,000","147,600",615,"120,000","129,500"
61.02 Multiple-pathway medical fellowship programs,750,560,"115,000","147,000",490,"86,000","120,800"
61.03 Allergy and immunology residency/fellowship programs,190,145,"90,000","132,000",100,"75,500","86,000"
61.04 Anesthesiology residency/fellowship programs,"3,430","2,470","125,000","155,800","2,095","110,000","138,200"
61.05 Dermatology residency/fellowship programs,785,565,"90,000","144,500",485,"78,500","119,600"
61.06 Emergency medicine residency/fellowship programs,"2,055","1,665","148,000","160,800","1,360","113,000","127,600"
61.07 Family medicine residency/fellowship programs,"18,835","15,100","115,000","127,000","11,020","85,000","102,800"
61.08 Internal medicine residency/fellowship programs,"7,905","6,060","112,000","150,000","5,085","89,000","126,900"
61.09 Medical genetics and genomics residency/fellowship programs,45,40,"123,000","140,000",35,"123,000","120,000"
61.10 Neurological surgery residency/fellowship programs,295,205,"88,000","156,000",155,"98,000","134,000"
61.11 Neurology residency/fellowship programs,"1,180",890,"88,000","130,400",675,"86,000","111,000"
61.12 Nuclear medicine residency/fellowship programs,120,90,"89,000","154,000",75,"81,000","104,000"
61.13 Obstetrics and gynecology residency/fellowship programs,"2,980","2,060","90,000","132,800","1,665","82,000","113,900"
61.14 Ophthalmology residency/fellowship programs,"1,580","1,160","96,000","162,000",965,"94,000","158,000"
61.15 Orthopedic surgery residency/fellowship programs,"1,445","1,080","120,000","148,400",940,"114,000","138,400"
61.16 Osteopathic medicine residency/fellowship programs,0,0,...,...,0,...,...
61.17 Otolaryngology residency/fellowship programs,700,480,"79,500","113,600",410,"79,000","105,200"
61.18 Pathology residency/fellowship programs,"1,860","1,250","89,000","158,400","1,075","100,000","158,400"
61.19 Pediatrics residency/fellowship programs,"4,175","2,935","81,000","113,000","2,295","74,500","98,200"
61.20 Physical medicine and rehabilitation residency/fellowship programs,870,655,"70,000","104,400",550,"61,600","91,200"
61.21 Plastic surgery residency/fellowship programs,470,320,"133,000","191,000",285,"100,000","168,000"
61.22 Podiatric medicine residency/fellowship programs,15,15,x,"280,000",0,...,...
61.23 Preventive medicine residency/fellowship programs,525,345,"32,000","68,800",275,"35,600","57,600"
61.24 Psychiatry residency/fellowship programs,"4,575","3,515","121,000","151,200","2,525","86,000","121,800"
61.25 Radiation oncology residency/fellowship programs,275,245,"156,000","198,000",225,"154,000","164,000"
61.26 Radiology residency/fellowship programs,"2,700","1,910","154,000","202,400","1,610","150,000","183,200"
61.27 Surgery residency/fellowship programs,"4,360","2,935","81,000","132,600","2,430","80,000","121,000"
61.28 Urology residency/fellowship programs,595,460,"108,000","133,000",380,"108,000","122,400"
"61.99 Medical residency/fellowship programs, other",385,310,"148,000","152,000",230,"126,000","137,000"
"Personal, protective and transportation services","1,006,425","786,275","34,400","44,360","706,710","38,000","47,400"
"12. Culinary, entertainment, and personal services","548,525","400,640","22,400","29,080","337,935","26,000","31,840"
12.03 Funeral service and mortuary science,"6,055","4,880","55,600","57,350","4,605","56,400","59,050"
12.04 Cosmetology and related personal grooming services,"329,710","231,235","17,400","24,000","177,855","21,400","27,280"
12.05 Culinary arts and related services,"212,415","164,250","30,400","35,400","155,225","31,400","36,240"
12.06 Casino operations and services,345,280,"16,000","27,000",255,"15,900","26,200"
"12.99 Culinary, entertainment, and personal services, other",0,0,...,...,0,...,...
"28. Military science, leadership and operational art","3,965","3,105","96,000","92,000","2,910","99,000","97,100"
"28.08 Military science, leadership and operational artCAN","3,965","3,105","96,000","92,000","2,910","99,000","97,100"
29. Military technologies and applied sciences,"6,900","4,185","51,200","54,350","3,860","53,200","57,650"
29.05 Military technologies and applied sciencesCAN,"6,900","4,185","51,200","54,350","3,860","53,200","57,650"
43. Security and protective services,"227,835","199,735","56,400","62,300","193,375","58,000","63,400"
43.01 Criminal justice and corrections,"177,615","155,665","54,000","60,450","150,675","55,600","61,600"
43.02 Fire protection,"37,735","32,990","69,500","71,800","32,005","71,500","73,000"
"43.03 Security and protective services, specialized programs","6,680","6,065","58,800","63,850","5,900","59,200","64,200"
43.04 Security science and technology,"4,025","3,525","46,800","57,350","3,375","48,400","58,300"
"43.99 Security and protective services, other","1,785","1,485","42,000","48,160","1,415","43,600","49,680"
49. Transportation and materials moving,"219,205","178,605","50,000","57,500","168,630","51,600","59,200"
49.01 Air transportation,"42,950","35,705","54,400","67,600","33,775","57,200","69,900"
49.02 Ground transportation,"147,975","120,665","49,200","53,050","114,720","50,400","54,550"
49.03 Marine transportation,"25,570","20,260","51,200","66,800","18,275","54,000","69,100"
"49.99 Transportation and materials moving, other","2,710","1,980","43,600","51,700","1,850","46,000","53,750"
Other,"5,305","4,125","42,400","50,080","3,855","43,600","50,880"
30.00 Inclusive postsecondary education,870,435,"4,880","9,720",415,"4,880","9,960"
"30.99 Multidisciplinary/interdisciplinary studies, other","4,435","3,695","47,200","54,800","3,435","49,200","55,850"
,,,,,,,
Symbol legend:,,,,,,,
..., not applicable,,,,,,
x, suppressed to meet the confidentiality requirements of the Statistics Act,,,,,,
,,,,,,,
,,,,,,,
Abbreviation notes:,,,,,,,
,,,,,,,
List of abbreviations and acronyms found within various Census products.,,,,,,,
(https://www12.statcan.gc.ca/census-recensement/2021/ref/symb-ab-acr-eng.cfm),,,,,,,
,,,,,,,
,,,,,,,
,,,,,,,
iBall:,,,,,,,
i1,Geography name: Canada; Geographic area type: Country; Geographic area type abbreviation: Country; Geographic level: Country; Province or territory abbreviation: ...; Dissemination Geography Unique Identifier (DGUID): 2021A000011124; Alternative geographic code: 01; Province or territory geocode: 01; Long-form total non-response rate: 4.3; Data quality flag: 20000; Data quality note: Excludes census data for one or more incompletely enumerated reserves or settlements.,,,,,,
,,,,,,,
,,,,,,,
,,,,,,,
Footnotes:,,,,,,,
1,"Gender  Gender refers to an individual's personal and social identity as a man, woman or non-binary person (a person who is not exclusively a man or a woman).   Gender includes the following concepts:   gender identity, which refers to the gender that a person feels internally and individually;   gender expression, which refers to the way a person presents their gender, regardless of their gender identity, through body language, aesthetic choices or accessories (e.g., clothes, hairstyle and makeup), which may have traditionally been associated with a specific gender.  A person's gender may differ from their sex at birth, and from what is indicated on their current identification or legal documents such as their birth certificate, passport or driver's licence. A person's gender may change over time.   Some people may not identify with a specific gender.",,,,,,
2,"Given that the non-binary population is small, data aggregation to a two-category gender variable is sometimes necessary to protect the confidentiality of responses provided. In these cases, individuals in the category “non-binary persons” are distributed into the other two gender categories and are denoted by the “+” symbol.",,,,,,
3,"Age    'Age' refers to the age of a person (or subject) of interest at last birthday (or relative to a specified, well-defined reference date).",,,,,,
4,"Highest certificate, diploma or degree  Highest certificate, diploma or degree is the classification used in the census to measure the broader concept of 'Educational attainment.'  This variable refers to the highest level of education that a person has successfully completed and is derived from the educational qualifications questions, which asked for all certificates, diplomas and degrees to be reported.  The general hierarchy used in deriving this variable (high school, trades, college, university) is loosely tied to the 'in-class' duration of the various types of education. At the detailed level, someone who has completed one type of certificate, diploma or degree will not necessarily have completed the credentials listed below it in the hierarchy. For example, a person with an apprenticeship or trades certificate or diploma may not have completed a high school certificate or diploma, nor does an individual with a 'master's degree' necessarily have a 'university certificate or diploma above bachelor level.' Although the hierarchy may not fit all programs perfectly, it gives a general measure of educational attainment.  This variable is reported for persons aged 15 years and over in private households.",,,,,,
5,"Work activity during the reference year    'Work activity during the reference year' refers to whether or not a person 15 years or over worked during the reference year. For those who did work, this refers to the number of weeks in which the person worked for pay or in self-employment during the reference year at all jobs held, even if only for a few hours, and whether these weeks were mostly full time (30 hours or more per week) or mostly part time (less than 30 hours per week).",,,,,,
6,"For information on data quality for this variable, refer to the Education Reference Guide, Census of Population, 2021, Catalogue no. 98-500-X2021013.",,,,,,
7,"Refers to the number of weeks in which a person aged 15 years and over worked for pay or in self-employment in 2020 at all jobs held, even if only for a few hours, and whether these weeks were mostly full time (30 hours or more per week) or mostly part time (less than 30 hours per week).",,,,,,
9,"Employment income - All income received as wages, salaries and commissions from paid employment and net self-employment income from farm or non-farm unincorporated business and/or professional practice during the reference period. For the 2021 Census, the reference period for income data is the calendar year 2020, unless otherwise specified.",,,,,,
10,"Wages, salaries and commissions - Gross wages and salaries before deductions for such items as income taxes, pension plan contributions and employment insurance premiums during the reference period. While other employee remuneration such as security options benefits, board and lodging and other taxable allowances and benefits are included in this source, employer's contributions to pension plans and employment insurance plans are excluded. Other receipts included in this source are military pay and allowances, tips, commissions and cash bonuses associated with paid employment, benefits from wage-loss replacement plans or income-maintenance insurance plans, supplementary unemployment benefits from an employer or union, research grants, royalties from a work or invention with no associated expenses and all types of casual earnings during the reference period.",,,,,,
11,"The median income of a specified group is the amount that divides the income distribution of that group into two halves, i.e., the incomes of half of the units in that group are below the median, while those of the other half are above the median. Median incomes of individuals are calculated for those with income (positive or negative).",,,,,,
12,Average income of a specified group is calculated by dividing the aggregate income of that group by the number of units in that group. Average incomes are calculated for those with income (positive or negative).,,,,,,
8,"Major field of study (based on the Classification of Instructional Programs (CIP) Canada 2021)  Field of study refers to the discipline or area of learning or training associated with a particular course or program of study.  This 'Major field of study' variable refers to the predominant discipline or area of learning or training of a person's highest completed postsecondary certificate, diploma or degree, classified according to the Classification of Instructional Programs (CIP) Canada 2021.  This variable can be used either independently or in conjunction with the 'Highest certificate, diploma or degree' variable. When the latter is used with 'Major field of study,' it should be noted that different fields of study will be more common for different types of postsecondary qualifications. At the detailed program level, some programs are only offered at certain levels of education.  There was an explicit instruction in the questionnaire which instructed respondents to be as specific as possible in indicating a subfield or subcategory of specialization within a broad discipline or area of training.  This variable is reported for persons aged 15 years and over in private households.",,,,,,
13,"This variable shows the hierarchy of the 'alternative primary groupings' (a CIP variant) with detail on the two-digit series and the four-digit subseries. For more information on the CIP classification, see the Classification of Instructional Programs, Canada 2021: http://www.statcan.gc.ca/eng/concepts/classification. For information on classification and data quality for this variable, refer to the Education Reference Guide, Census of Population, 2021, Catalogue no. 98-500-X2021013.",,,,,,
14,"Veterinary medicine, veterinary science, veterinary technology, and veterinary administrative support services, which were included in series '51. Health professions and related programs' in CIP 2016, are now included in series '01. Agricultural and veterinary sciences/services/operations and related fields' in CIP 2021.",,,,,,
,,,,,,,
,,,,,,,
,,,,,,,
"How to cite: Statistics Canada. Table 98-10-0409-01  Employment income statistics by major field of study (detailed, 4-digit) and highest level of education: Canada, provinces and territories",,,,,,,
https://www150.statcan.gc.ca/t1/tbl1/en/tv.action?pid=9810040901,,,,,,,
